# uid	laenge_m	flip(0|1, per Sichtprüfung; auto = Heuristik breitere Hinterreifen, unzuverlässig)	max_textur_px	name
8568d9d14a994b9cae59499f0dbed21e	4.29	0	512	Porsche 911 Turbo 930
78d5c47ab2554c2592b7e499179a0792	4.57	0	1024	Porsche 911 GT3
80b0cdeb364b4223a006f3be12f16dc4	4.36	0	1024	Ferrari F40
8b46fa49718647de846387ef4c1e95b3	4.70	0	1024	Ferrari LaFerrari
2c80c667232544649328cf3589921bcd	4.85	0	1024	Ferrari SF90 XX
75acd9a580574e128c0886d2bc5a2b21	4.14	0	1024	Lamborghini Countach
938d3e3642cf4ea895c62c2a4bf6fc08	4.92	0	1024	Lamborghini Centenario
24c595760e194e63bcfc96508338fd3a	4.75	0	1024	Bugatti Chiron SS
f822b82d7a444a4eab59d09c749eb4eb	4.60	0	1024	McLaren P1 GTR
dd6c3effdb1e43ecadace447ccbda68d	4.64	1	1024	Ford GT
661dcab94455463784651a3ebc63cfb9	4.55	0	1024	Mercedes-AMG GT
b4e5a4c5fa5d4d45acd6715d3325254f	4.50	0	1024	Koenigsegg One:1
